Customer Name,Total_Sales,Total_Profit,Total_Quantity,Total_Orders,Avg_Discount
Alejandro Ballentine,914.5319999999998,264.5675,39,9,0.09999999999999999
Mark Cousins,4432.138,1802.3903000000003,48,5,0.12
Olvera Toch,3818.6240000000003,-925.1203,51,5,0.15999999999999998
Kristina Nunn,2280.5800000000004,329.7625,55,8,0.12000000000000001
Gene McClure,1255.6819999999998,441.31850000000003,53,10,0.11538461538461539
Joy Bell-,644.1188,126.76490000000001,32,7,0.07428571428571429
Ted Trevino,4915.602,751.9567000000001,66,7,0.11428571428571428
Ellis Ballard,4358.128,656.1988,41,5,0.125
"Jas O'Carroll",1934.2720000000002,202.13620000000003,36,6,0.17272727272727273
Brian Moss,7294.185,2199.278099999999,95,11,0.08448275862068966
Deirdre Greer,3195.818,562.7760999999999,39,5,0.1
Mike Gockenbach,3061.543,-93.60299999999998,42,4,0.1875
Sibella Parks,1306.0859999999998,-118.77570000000001,43,6,0.26000000000000006
Ricardo Emerson,48.36,6.045,5,1,0.2
Bill Shonely,10501.652999999998,2616.0643999999998,39,5,0.011111111111111112
Giulietta Baptist,4716.2880000000005,1135.8393,63,5,0.037500000000000006
Andy Yotov,497.01400000000007,103.34989999999998,34,4,0.1
Pauline Johnson,1824.2340000000002,682.9979000000002,25,7,0.08
Tim Brockman,1602.376,260.61550000000005,74,7,0.24736842105263163
Fred Wasserman,79.75,23.4913,9,3,0
Brad Norvell,265.296,36.613099999999996,15,4,0.16666666666666666
Sharelle Roach,3233.481,-3333.9144000000006,34,5,0.36666666666666664
Ted Butterfield,1467.881,390.21129999999994,66,5,0.05555555555555555
Adrian Shami,58.82,21.8496,9,2,0.06666666666666667
Erica Smith,3510.4579999999996,1003.2935000000001,31,5,0.125
Tony Chapman,1244.976,119.104,45,9,0.26363636363636367
Stewart Visinsky,4105.305,485.02720000000005,91,9,0.18400000000000002
Keith Dawkins,8181.256,3038.6254,84,12,0.08750000000000001
Sean Christensen,3979.0649999999996,229.16170000000002,64,7,0.21666666666666667
Christine Sundaresam,3202.1620000000003,831.9432,74,11,0.0818181818181818
Logan Currie,2633.5820000000003,231.12520000000004,62,9,0.18421052631578946
Laura Armstrong,8673.221999999998,2059.1198999999997,105,11,0.1153846153846154
Stephanie Phelps,1872.4360000000001,268.4782,71,9,0.15333333333333335
Becky Martin,11789.630000000003,-1659.9581,64,4,0.16875000000000004
Fred Harton,2271.284,706.2890000000001,52,4,0.10714285714285714
Nat Gilpin,1869.58,313.6335,45,5,0.0875
Brian Stugart,3288.11,238.73680000000002,47,3,0.18181818181818185
Irene Maddox,4930.473999999999,514.6527,93,7,0.16666666666666669
Kean Takahito,3057.1,254.00320000000002,45,7,0.22857142857142862
Matthew Clasen,795.1540000000001,-247.94350000000006,33,4,0.17500000000000002
Michael Grace,1242.833,-470.76840000000004,23,5,0.24285714285714285
Maria Etezadi,10663.727999999997,1859.4695,82,10,0.13181818181818183
Neil Knudson,572.048,121.21770000000002,51,7,0.12727272727272726
Theresa Swint,2163.6240000000003,260.8744,60,6,0.22352941176470587
Barbara Fisher,599.798,227.43840000000003,38,7,0.14615384615384613
Sam Zeldin,3625.3289999999997,366.4303000000001,69,11,0.22000000000000003
Ben Peterman,3675.861,363.5991,69,9,0.19444444444444445
Tom Stivers,2054.14,48.70169999999999,31,5,0.1571428571428571
Thomas Seio,5371.09,862.8877000000002,67,7,0.1578947368421053
Frank Merwin,3736.1979999999994,198.10949999999997,79,9,0.18
Ed Braxton,3644.9780000000005,13.621500000000019,55,9,0.2583333333333333
Clay Rozendal,2148.852,74.4013,32,4,0.13333333333333333
Trudy Schmidt,3368.093999999999,220.91630000000004,52,5,0.19285714285714287
Dan Reichenbach,6528.033999999999,1641.8613000000003,103,9,0.13333333333333336
Mitch Gastineau,16.739,-1.2453,8,1,0.44999999999999996
Dennis Pardue,5480.723999999999,1571.8318000000002,50,9,0.18571428571428575
Bart Watters,4750.357999999999,921.2573999999996,74,8,0.14117647058823526
Tracy Zic,1707.2860000000003,224.88869999999997,30,4,0.08888888888888889
Catherine Glotzbach,904.468,86.5106,37,6,0.18888888888888886
Rick Wilson,7397.401000000001,1586.6272999999999,89,7,0.1347826086956522
Katherine Ducich,1888.964,328.5942,36,6,0.13
Julia West,1428.731,154.06369999999998,38,4,0.32857142857142857
Ruben Dartt,3133.9239999999995,455.5292,85,9,0.05714285714285714
Gary Hwang,4172.8460000000005,1176.4181,51,4,0.19
Jennifer Jackson,709.1780000000001,200.5558,25,5,0.06666666666666667
Helen Abelman,2163.3,270.8574,45,7,0.22999999999999998
Allen Goldenen,200.945,69.2784,33,5,0.22499999999999998
Bryan Spruell,949.43,194.0516,22,2,0
Michelle Moray,2749.881,-520.3443,73,8,0.21052631578947367
Michelle Ellison,1256.944,107.36040000000001,15,4,0.16666666666666666
Rob Williams,3279.7459999999996,698.8325,53,9,0.1375
Bart Pistole,2442.044,433.97509999999994,70,12,0.16500000000000004
Heather Jas,358.1,98.65480000000001,21,5,0.10000000000000002
Evan Henry,923.884,242.11069999999998,22,6,0.2875
Chloris Kastensmidt,3154.855,141.28309999999996,122,13,0.23437500000000006
Scott Williamson,1966.65,332.87249999999995,28,6,0.028571428571428574
Ed Ludwig,124.28,27.1154,9,2,0
George Ashbrook,3919.7760000000003,840.8990000000001,48,8,0.06428571428571428
"Anthony O'Donnell",161.28,12.096,2,1,0.2
"Doug O'Connell",1267.316,294.0676,36,7,0.09090909090909091
Eudokia Martin,1041.042,240.23620000000003,34,4,0.1
Art Foster,861.5649999999999,-163.1175,37,4,0.2571428571428572
Quincy Jones,6108.338,1203.6768,61,9,0.12307692307692308
Karen Seio,88.47200000000001,0.11099999999999888,10,3,0.275
Cathy Prescott,5402.253999999999,427.0258,57,8,0.14285714285714285
Neil Ducich,2893.455,443.33680000000004,36,6,0.0875
Jane Waco,7721.714,2173.7093999999997,66,6,0.07142857142857142
Tom Ashbrook,14595.62,4703.788299999999,36,4,0.08
Don Jones,2501.688,345.2520999999999,52,8,0.06923076923076922
Thea Hudgings,2942.772,-252.55389999999994,29,4,0.23333333333333334
Jamie Kunitz,4427.142000000001,1219.983,67,5,0.13076923076923078
Anthony Jacobs,4867.344,150.71300000000005,62,7,0.08666666666666666
Ricardo Sperren,3221.29,633.4514,29,5,0
Carlos Meador,565.392,-43.7324,18,2,0.2
Julia Barnett,2518.115,201.5185,32,5,0.1888888888888889
Rachel Payne,954.6451999999999,59.53839999999998,47,4,0.19333333333333333
Carol Darley,639.766,-206.7172,22,3,0.4333333333333334
Carl Weiss,1136.592,370.8298,40,6,0.09090909090909091
Chris McAfee,2305.712,365.0387,28,5,0.07500000000000001
Jonathan Doherty,7610.864,1050.2668000000003,150,11,0.07500000000000001
Raymond Buch,15117.339,6976.0959,71,6,0.09444444444444444
Harold Pawlan,1990.314,373.8637,44,7,0.3
Mike Kennedy,1031.6019999999999,227.8338,43,4,0.0818181818181818
Linda Cazamias,4492.946,288.2660000000001,52,8,0.17142857142857143
Amy Hunt,2495.3916000000004,-196.12009999999995,35,5,0.13999999999999999
Pierre Wener,3922.4149999999995,1290.354,39,7,0.1708333333333333
Tracy Hopkins,4234.0960000000005,-571.9677999999999,44,7,0.06923076923076922
Gary Zandusky,4355.15,1087.7539000000002,48,9,0.07857142857142858
Annie Zypern,1622.018,154.95030000000003,40,6,0.12499999999999999
Becky Pak,1697.8609999999999,647.3847,32,6,0.0818181818181818
Adam Hart,3250.336999999999,281.18899999999996,75,10,0.13499999999999998
Alex Russell,1055.694,-221.0544,18,4,0.26
Nora Pelletier,1228.698,514.5017,23,6,0.18571428571428572
John Dryer,2152.3520000000003,-266.5525,26,5,0.17142857142857143
Ken Heidel,3918.966,727.3786,84,9,0.10588235294117646
Steven Cartwright,5226.209999999998,1276.6513000000004,133,11,0.15000000000000005
Tim Taslimi,439.5,93.9162,8,3,0
Jack Lebron,1214.9560000000001,-207.7956,42,6,0.2666666666666667
Deborah Brumfield,4655.897,841.8263999999999,52,8,0.2076923076923077
Dianna Vittorini,3341.5870000000004,353.21270000000004,62,6,0.11333333333333333
Peter McVee,4115.662,526.7537,36,4,0.12857142857142856
Nora Paige,3908.402,514.6002000000001,46,5,0.02
Matthew Grinstein,3785.276,341.8980000000001,57,7,0.1285714285714286
Barry Franz,1333.88,-291.3811,26,4,0.18000000000000002
Kelly Williams,449.09600000000006,107.927,22,4,0.04
Jill Fjeld,4198.332,1073.2087999999999,67,8,0.17500000000000004
Marc Crier,2725.982,461.0014,54,8,0.13076923076923075
Nona Balk,1972.599,117.6429,64,9,0.1735294117647059
Ivan Liston,5040.736,1121.937,60,7,0.07142857142857142
Aaron Bergman,886.156,129.3465,13,3,0.06666666666666667
Penelope Sewall,6843.633999999999,1742.7297,47,7,0.0846153846153846
Christopher Martinez,8954.02,3899.8903999999998,34,4,0.12
Ionia McGrath,2872.63,975.7701,19,3,0.1
Daniel Byrd,2171.599,431.3747999999999,47,8,0.15416666666666665
Resi Pölking,5153.084,465.2502999999999,88,12,0.14800000000000005
Katherine Hughes,3100.6119999999996,528.2051000000001,40,6,0.15
Maribeth Yedwab,2254.2849999999994,319.12109999999996,49,7,0.30769230769230776
Beth Paige,2475.1570000000006,-319.06370000000004,51,7,0.3000000000000001
Jennifer Halladay,309.281,-24.077100000000005,29,4,0.31428571428571433
Toby Swindell,974.7819999999999,-184.97889999999998,51,5,0.2833333333333334
Christina Anderson,2648.2871999999998,279.6182999999999,65,9,0.1894117647058824
Gary Mitchum,3078.6240000000003,793.2814,54,6,0.16666666666666666
Joseph Airdo,6491.026000000001,-819.4217,87,8,0.21250000000000005
Rob Haberlin,2085.7400000000002,172.62609999999998,43,3,0.10909090909090909
Philisse Overcash,4893.043000000001,1155.4331,65,9,0.10555555555555556
Karl Braun,1569.4640000000002,49.71929999999998,62,9,0.1954545454545455
Andrew Gjertsen,2356.855,295.66679999999997,93,8,0.20476190476190484
Joni Blumstein,900.552,-286.98080000000004,32,3,0.30000000000000004
Greg Guthrie,2224.000000000001,12.698499999999994,92,9,0.15000000000000002
Bryan Mills,1338.8419999999999,137.74390000000002,44,10,0.25
Christopher Conant,12129.072,2177.0493,34,5,0.2818181818181818
Meg Tillman,2890.139,509.0068,31,6,0.12999999999999998
Eugene Moren,4588.436,1319.3655000000003,74,6,0.06666666666666667
Cynthia Voltz,2370.3136,98.99749999999996,62,9,0.2431578947368421
Steven Roelle,4345.8859999999995,1990.4243999999999,50,8,0.03333333333333333
Nathan Cano,2218.99,-2204.8072,38,6,0.2642857142857143
Dorothy Dickinson,269.54200000000003,36.4344,33,6,0.24444444444444446
Michael Oakman,154.288,-82.0074,14,2,0.35
Eric Hoffmann,684.171,53.53979999999999,72,8,0.2941176470588236
Justin Ellison,2697.248,789.6476,34,3,0.028571428571428574
Barry Blumstein,744.3399999999999,11.583900000000007,26,5,0.2
Adam Shillingsburg,3255.3099999999995,64.53739999999998,81,9,0.18000000000000005
Sally Hughsby,3406.8394999999996,558.4739999999999,113,13,0.1362068965517242
Katherine Nockton,2617.2720000000004,-151.15180000000004,56,9,0.21764705882352942
Doug Jacobs,3356.3979999999997,731.5644,43,3,0.0625
Kalyca Meade,2260.9579999999996,635.1057000000001,72,6,0.021052631578947368
Sally Knutson,883.409,168.79330000000002,19,3,0.22000000000000003
Gene Hale,1361.2440000000001,-95.4498,15,2,0.4666666666666666
Peter Fuller,9062.863999999998,-614.2943000000002,75,4,0.12105263157894738
Helen Andreada,2584.1580000000004,99.14450000000001,72,8,0.20000000000000007
Brooke Gillingham,1874.172,107.57149999999999,24,6,0.1375
Maxwell Schwartz,3144.6779999999994,280.85839999999996,73,9,0.09999999999999998
Henry Goldwyn,3247.6419999999994,-2797.9635000000007,68,12,0.17058823529411768
Caroline Jumper,11164.974,858.7414,83,8,0.1885
Christina DeMoss,1205.584,233.0274,39,2,0.08461538461538462
Shaun Weien,2921.544,793.6547999999999,18,7,0.1111111111111111
Stefania Perrino,5440.319,-270.4282,77,9,0.25000000000000006
Maria Zettner,593.606,85.01910000000001,11,4,0.06666666666666667
Darren Powers,1050.636,241.4524,58,9,0.21176470588235294
"Patrick O'Brill",7473.828200000001,38.47570000000003,91,11,0.21000000000000008
Harold Ryan,5248.786999999999,1196.9504000000002,51,7,0.1
Maribeth Dona,3766.382,-241.94999999999993,64,7,0.3294117647058824
Anemone Ratner,88.15,32.633,6,1,0
Alan Barnes,1113.838,220.813,48,8,0.1357142857142857
Heather Kirkland,4877.784,956.9451000000003,64,8,0.21333333333333335
Dennis Bolton,1081.466,291.00849999999997,28,5,0.08333333333333333
Richard Eichhorn,876.696,209.22940000000003,47,5,0.13333333333333333
Cynthia Delaney,1860.732,403.8422,49,5,0.02666666666666667
Mark Van Huff,1560.05,189.0258,52,9,0.24000000000000005
Stefanie Holloman,2096.392,260.6258,16,2,0.2
Cindy Schnelling,1077.2285000000002,-302.8761,33,4,0.25
Nick Radford,2367.277,-25.148799999999994,37,5,0.22307692307692306
Denny Ordway,1300.0315000000003,-38.90860000000004,48,9,0.1576923076923077
Sarah Jordon,1341.036,-23.5137,35,6,0.37
Dave Hallsten,4932.871999999999,1193.7404000000001,81,6,0.07826086956521738
Sung Shariari,964.6360000000001,-75.586,39,5,0.24000000000000005
Karen Carlisle,2120.954,846.1217,40,6,0.02
Jill Matthias,303.948,113.1204,26,5,0.1142857142857143
Clay Ludtke,10880.545999999998,1933.7830999999999,106,12,0.11428571428571431
Harold Engle,883.5320000000002,274.40279999999996,44,4,0.018181818181818184
Zuschuss Donatelli,1493.944,249.1307,32,5,0.1111111111111111
Jason Gross,2240.5800000000004,3.797599999999999,46,6,0.2545454545454545
Guy Thornton,226.43599999999998,-6.139200000000002,23,4,0.2
Matt Collister,2426.0669999999996,288.9841,47,6,0.17058823529411768
Adam Bellavance,7755.619999999999,2054.5885,56,8,0.044444444444444446
David Bremer,2973.094,-1421.7692,59,7,0.14285714285714285
Patrick Ryan,1840.1779999999997,247.6226,43,5,0.11666666666666665
Thomas Brumley,816.174,179.0038,23,4,0.025
Joy Smith,2516.4939999999997,-311.25749999999994,70,6,0.18333333333333338
Amy Cox,5527.8460000000005,1366.0098000000003,43,7,0.18888888888888888
Jim Mitchum,864.9470000000001,117.20400000000001,41,5,0.15833333333333333
Matt Connell,2258.192,195.4486,60,8,0.22222222222222227
Jennifer Patt,1669.1350000000002,429.74649999999997,54,7,0.14
Sarah Brown,6410.995999999999,885.4624,45,6,0.14166666666666666
Brendan Murry,808.1619999999999,95.58160000000001,22,6,0.18
Sandra Flanagan,763.5459999999998,228.16230000000002,35,7,0.09999999999999999
Lena Cacioppo,2580.7039999999997,-188.25110000000006,113,8,0.24000000000000005
Keith Herrera,5952.859000000002,656.1161999999999,91,7,0.10869565217391304
Robert Waldorf,3495.646,707.5503,61,5,0.07333333333333332
Christine Abelman,1421.954,246.02179999999998,25,4,0.11818181818181817
Sam Craven,3362.9635999999996,-317.05080000000004,62,5,0.21882352941176475
Charles McCrossin,2533.314,-394.3686000000001,23,6,0.24285714285714285
Lena Hernandez,2295.3320000000003,526.0726999999999,64,9,0.12666666666666665
Sandra Glassco,3406.581,570.4380000000001,30,3,0.06818181818181819
Roland Fjeld,2341.2960000000003,711.6167999999999,53,7,0.014285714285714287
Liz Thompson,2936.2519999999995,320.97299999999996,63,8,0.24642857142857144
Adrian Barton,14473.570999999998,5444.8055,73,10,0.24000000000000005
Jason Fortune-,955.124,97.28899999999997,42,5,0.11428571428571428
Neola Schneider,2575.863,-12.303999999999983,52,4,0.20666666666666667
Bryan Davis,658.466,141.265,21,6,0.12
Fred McMath,2523.2659999999996,191.48979999999997,53,9,0.15714285714285717
Shahid Shariari,3056.807,-1010.9738,46,6,0.2583333333333333
Brian DeCherney,1538.1099999999997,206.75689999999997,27,6,0.175
Michael Dominguez,1204.9099999999999,-4.040300000000002,45,5,0.2875
"Russell D'Ascenzo",970.9420000000001,35.05740000000001,33,4,0.31000000000000005
Chris Cortes,3913.418,393.9618,81,12,0.11818181818181821
Alan Dominguez,6106.879999999999,1869.9294,40,8,0.05833333333333333
Rick Reed,3302.262,721.6826000000001,36,6,0.06000000000000001
Greg Tran,11820.119999999997,2163.4268999999995,106,11,0.10000000000000003
Ken Lonsdale,14175.229,806.855,113,12,0.2
Alan Hwang,4805.344,1308.5546,53,9,0.0923076923076923
Jason Klamczynski,383.812,55.32769999999999,15,3,0.1
Evan Minnotte,366.822,21.772099999999995,13,3,0.125
Barry Pond,983.4199999999998,209.78300000000002,30,5,0.14285714285714285
Pauline Webber,3454.916,803.8169,48,10,0.038461538461538464
Eva Jacobs,2656.691,451.8755,31,5,0.0625
Lisa Ryan,1879.3059999999998,-382.8079,44,5,0.27499999999999997
Daniel Lacy,3272.2000000000003,4.213200000000029,43,6,0.03571428571428571
Sue Ann Reed,4767.3415,610.1495999999999,75,10,0.19285714285714292
Astrea Jones,629.2479999999999,60.4265,22,3,0.04
Patricia Hirasaki,729.648,47.8878,6,1,0.2
Eugene Hildebrand,3082.6530000000002,96.27020000000002,76,10,0.2055555555555556
Ralph Ritter,615.932,-73.835,7,2,0.275
Chuck Sachs,550.6440000000001,156.2593,13,2,0.06666666666666667
Michael Nguyen,2477.946,290.8227,36,6,0.26000000000000006
Jeremy Pistek,3635.5940000000005,757.1802,63,7,0.059375
Kean Thornton,4642.088400000001,194.0671,37,10,0.1476923076923077
Roland Schwarz,4159.769999999999,1206.3851,54,8,0.1142857142857143
Vivek Gonzalez,846.0100000000001,143.6268,32,6,0.07500000000000001
Alice McCarthy,814.0120000000001,194.98780000000002,48,5,0.125
Shahid Hopkins,2180.718,-144.5229,45,10,0.23333333333333334
Cynthia Arntzen,3041.5659999999993,204.48950000000002,72,7,0.18823529411764706
Dan Campbell,3336.1680000000006,-1441.6312999999998,64,9,0.21111111111111114
Bradley Nguyen,1459.344,340.70539999999994,79,5,0.023529411764705882
William Brown,6160.102,714.3311,146,11,0.20540540540540544
Paul Gonzalez,1987.1640000000002,334.51629999999994,61,9,0.09411764705882353
Anne Pryor,1638.5539999999999,285.7888,85,8,0.16315789473684214
Vicky Freymann,847.944,-96.27799999999999,35,5,0.06363636363636363
Emily Phan,5478.0608,144.9578,124,17,0.1974193548387097
Mark Packer,3206.132,600.2873000000001,77,7,0.12142857142857143
Edward Nazzal,2199.366,496.1131,27,4,0.044444444444444446
Troy Blackwell,1387.559,-136.40909999999997,29,5,0.2714285714285714
Vivian Mathis,380.69,116.6373,25,5,0.11249999999999999
Maureen Gastineau,2350.188,25.888599999999986,25,4,0.225
Kelly Andreada,1519.506,234.91940000000002,57,7,0.05454545454545456
Paul Knutson,1441.152,-798.705,14,2,0.3666666666666667
Frank Gastineau,1383.1440000000002,394.73969999999997,48,7,0.11818181818181818
Stuart Calhoun,279.256,51.8252,11,4,0.12000000000000002
Alan Haines,1587.452,-378.5509,28,4,0.35000000000000003
Mark Hamilton,2456.182,484.7733000000001,45,8,0.1636363636363636
Jim Radford,1156.658,-785.1645,14,2,0.3
Jim Epp,7754.976,1623.4018999999998,74,7,0.16000000000000006
Nancy Lomonaco,1418.0900000000001,343.6381,44,4,0.06000000000000001
Victoria Wilson,6134.0380000000005,-874.6644999999999,77,10,0.1611111111111111
Rick Hansen,3621.3759999999997,563.7877,38,5,0.1
Jennifer Braxton,1791.605,156.05319999999998,43,10,0.20625000000000004
Kunst Miller,4909.472000000001,745.7685,98,8,0.0892857142857143
Alejandro Savely,3214.236,354.6276,39,6,0.225
Neil Französisch,377.16200000000003,85.92779999999999,13,4,0.25
Rick Huthwaite,6979.18,1289.4535,43,6,0.03333333333333333
Erica Hackney,825.9499999999999,150.3759,20,6,0.0625
Ann Blume,1515.862,-274.9604,38,4,0.375
Randy Bradley,1008.1959999999999,-164.40619999999998,16,2,0.31666666666666665
Brad Eason,1727.652,139.20080000000002,40,6,0.14615384615384613
Guy Armstrong,1398.382,136.7079,79,11,0.17954545454545456
Stuart Van,1271.0900000000004,199.6502,24,4,0.19999999999999998
Edward Hooks,10310.880000000001,1393.5154000000002,120,12,0.071875
Phillip Breyer,132.738,21.897000000000002,10,2,0.1
Clytie Kelty,2372.7500000000005,497.70980000000003,108,11,0.18400000000000002
Emily Grady,1832.02,104.2656,44,5,0.2
Raymond Messe,1453.474,392.1499,29,6,0.044444444444444446
Lisa Hazard,318.239,-242.73990000000003,34,4,0.4666666666666666
Lynn Smith,1008.1359999999999,348.3584000000001,47,6,0.08333333333333333
Chad Sievert,884.64,143.83390000000003,28,4,0.1142857142857143
Sanjit Jacobs,3949.6559999999995,144.1189,104,12,0.2333333333333334
Ralph Arnett,2617.9060000000004,546.0882000000001,58,9,0.1647058823529412
Bart Folk,272.95,110.9272,29,3,0
Sung Pak,4282.94,566.7226,80,10,0.2083333333333334
Peter Bühler,688.324,218.15970000000002,18,4,0.12000000000000002
Delfina Latchford,1458.2580000000003,288.8732,74,8,0.1823529411764706
Bill Stewart,3887.834,-17.532199999999996,58,5,0.276923076923077
Anna Gayman,3489.0395999999996,-246.42569999999998,54,7,0.16133333333333336
David Smith,2881.8128,163.6993,68,9,0.1535
Steve Carroll,1254.64,370.1578,26,6,0
Clay Cheatham,113.832,33.870599999999996,14,3,0.15000000000000002
Grant Thornton,9351.211999999998,-4108.6589,26,3,0.24999999999999997
Alejandro Grove,2582.8979999999997,732.7399,58,5,0.014285714285714287
Damala Kotsonis,3256.4800000000005,881.1228000000001,86,12,0.1777777777777778
Barry Französisch,2888.506,302.02,78,8,0.25714285714285723
Bobby Elias,2261.438,755.9150999999999,19,5,0.16
Benjamin Patterson,1181.4900000000002,-197.2695,14,5,0.06666666666666667
Evan Bailliet,1186.326,282.1701,20,6,0.22857142857142856
Yoseph Carroll,5454.35,1305.629,31,5,0.07500000000000001
Monica Federle,1758.3,456.86080000000004,38,5,0.06666666666666667
Pamela Coakley,1832.064,272.685,22,4,0.22000000000000003
Natalie Fritzler,8322.826000000001,-1695.9714000000001,52,7,0.25
Nat Carroll,2461.404000000001,580.3075000000001,54,5,0.041176470588235294
Dean Braden,2332.577,169.9679,75,10,0.18571428571428572
Beth Fritzler,791.9899999999999,25.870199999999997,11,3,0.15000000000000002
Erin Mull,228.99,40.15459999999999,22,4,0.25
Ken Brennan,983.922,293.5524,29,7,0.26666666666666666
Candace McMahon,1673.8880000000001,214.46299999999997,38,6,0.12
Chuck Magee,287.98999999999995,64.4296,32,3,0.07777777777777778
Claudia Bergmann,4246.4555,1049.5601,74,8,0.049999999999999996
Ken Dana,2243.5099999999998,539.7219,56,5,0.10769230769230768
Toby Gnade,3058.3720000000003,682.1704,30,5,0.2111111111111111
John Stevenson,3868.02,564.9798,43,5,0.14666666666666664
Muhammed Lee,162.232,42.6648,7,2,0.06666666666666667
Harold Dahlen,251.36,-135.87599999999998,31,3,0.29999999999999993
Frank Atkinson,2984.053999999999,520.5229,58,7,0.2588235294117648
Sample Company A,4624.572000000001,1011.7443,61,9,0.1866666666666667
Jeremy Farry,1082.918,-18.067300000000003,36,11,0.14666666666666667
Sonia Sunley,418.49,135.5401,17,6,0
Nicole Fjeld,2031.472,388.2131,55,7,0.11666666666666665
Aaron Hawkins,1744.6999999999998,365.2152,54,7,0.09090909090909091
Jocasta Rupert,863.88,107.985,3,1,0.2
Sarah Foster,3422.785999999999,286.9046,74,9,0.12666666666666665
Richard Bierner,2663.0860000000002,477.2399000000001,66,8,0.16249999999999998
Tracy Collins,742.558,217.93300000000002,28,7,0.10999999999999999
Deanra Eno,2550.874,464.4714,38,5,0.1111111111111111
Ed Jacobs,2162.174,387.0176,31,4,0.175
Jay Fein,1911.844,330.199,58,6,0.075
Bruce Degenhardt,1526.5,333.9791,29,6,0.02
Maris LaWare,2921.499999999999,-76.1755,51,6,0.16666666666666666
Mitch Webber,5341.9,1238.4220000000003,51,7,0.07857142857142858
Justin Hirsh,2256.3940000000002,-96.95300000000002,28,4,0.22000000000000003
Hilary Holden,218.668,86.7342,20,2,0.03333333333333333
Shirley Jackson,1318.7759999999998,68.09629999999996,30,5,0.14285714285714285
Don Weiss,344.08000000000004,69.6672,21,5,0.17777777777777778
Natalie Webber,7234.013999999999,1023.1230000000003,78,7,0.21363636363636365
Corey Roper,475.9,144.7594,14,3,0
Dario Medina,1322.034,108.75830000000002,28,7,0.16666666666666663
Bobby Odegard,130.83,59.4522,7,2,0
Philip Brown,1456.9499999999998,280.66060000000004,54,8,0.12727272727272726
Patrick Gardner,3086.907,137.46130000000002,83,13,0.16923076923076924
Max Ludwig,2071.914,409.5112,53,7,0.10769230769230768
Sean Braxton,8057.890999999999,-2082.7451,84,7,0.24117647058823533
Benjamin Venier,1523.2730000000001,315.2214000000001,49,5,0.09285714285714285
Aaron Smayling,3050.6920000000005,-253.57459999999998,48,7,0.35500000000000004
Luke Schmidt,1010.2560000000001,244.19700000000003,54,6,0.20000000000000004
Eugene Barchas,3071.1259999999997,184.76559999999998,30,6,0.2090909090909091
Dave Poirier,2215.002,563.1761,63,8,0.11428571428571428
Adrian Hane,1735.5140000000001,-2.3145999999999844,65,7,0.23750000000000004
Greg Hansen,146.94080000000002,-5.810200000000001,9,2,0.24
Berenike Kampe,659.138,-63.764400000000016,58,6,0.20625
Nicole Brennan,273.87199999999996,24.788800000000002,7,2,0.1
Karen Bern,3152.615,763.9076000000001,34,7,0.15
Corey Catlett,2540.631,331.4339999999999,39,7,0.27499999999999997
Dorothy Badders,3908.8028,109.32699999999998,61,7,0.15142857142857144
Dorothy Wardle,1204.854,-266.8966,44,7,0.16999999999999998
Carl Ludwig,1262.014,328.0847,24,4,0.05714285714285715
Shahid Collister,5992.535999999999,236.6615,80,9,0.19
Arthur Prichep,3323.556,579.3113,102,10,0.09354838709677422
Rick Bensley,4715.466000000001,640.5466,85,12,0.13478260869565223
Art Ferguson,2052.9080000000004,317.9712,51,7,0.2
Anthony Johnson,4501.391,1158.7064,88,7,0.08333333333333333
Justin MacKendrick,2833.9260000000004,754.1143999999999,74,10,0.06315789473684211
Toby Ritter,675.942,220.3644,22,5,0.028571428571428574
Christine Phan,5888.275000000001,-1850.3029000000004,59,8,0.21333333333333335
Cyma Kinney,1582.1090000000004,-338.43109999999996,64,9,0.15
Pete Takahito,160.572,-20.050800000000002,19,4,0.3714285714285714
Bill Tyler,2186.6130000000003,257.9163,38,6,0.14999999999999997
Craig Yedwab,2900.026,60.64670000000001,43,8,0.19999999999999998
Nora Preis,7903.182500000001,631.2281999999999,63,7,0.19615384615384615
Xylona Preis,2374.6580000000004,621.23,100,11,0.04642857142857143
Duane Huffman,1043.096,116.66700000000002,41,4,0.12272727272727271
Joe Kamberova,4867.200000000001,55.04830000000004,88,10,0.33249999999999996
Sonia Cooley,902.7280000000001,100.2253,30,5,0.3428571428571429
Jay Kimmel,2709.632,330.2838,72,8,0.12352941176470586
Bradley Drucker,4411.243,1142.1225000000002,49,6,0.13499999999999998
Elizabeth Moffitt,2339.598,682.5541999999999,57,8,0.0625
Eileen Kiefer,1303.478,97.10659999999999,18,4,0.0875
Trudy Glocke,2074.661,365.7205,50,4,0.13
Filia McAdams,2456.6380000000004,249.6808,48,10,0.09333333333333332
Cindy Chapman,1659.438,154.85100000000003,40,9,0.16153846153846155
Shirley Daniels,6121.114,1985.1671999999999,82,9,0.10476190476190476
Robert Dilbeck,2786.6319999999996,835.772,23,5,0.08
Max Engle,1908.4532,77.81280000000002,46,8,0.22461538461538458
Jesus Ocampo,1090.838,167.67090000000002,42,5,0.23636363636363636
Darren Budd,2839.2272000000003,213.00289999999998,43,5,0.16571428571428573
Arthur Gainer,4510.7970000000005,343.68240000000003,92,10,0.16666666666666666
Muhammed Yedwab,4152.696000000001,-371.7111,89,11,0.2438095238095238
Jim Kriz,4760.434000000001,1172.5303000000001,41,9,0.09999999999999999
"Sean O'Donnell",2602.575500000001,-81.08580000000005,52,6,0.13666666666666666
Michael Granlund,776.384,171.73720000000003,35,9,0.11923076923076922
Cyra Reiten,1397.8724000000002,83.2703,26,3,0.13142857142857142
Seth Vernon,11470.949999999997,1199.4242,109,10,0.15625000000000003
Denny Joy,2012.5200000000002,483.035,20,4,0
Toby Braunhardt,2198.45,490.95669999999996,35,6,0.1
Tom Boeckenhauer,9133.99,2798.3689,55,7,0.07058823529411765
Randy Ferguson,3309.1500000000005,633.7072000000001,67,8,0.1375
Ritsa Hightower,740.382,0.30570000000000164,11,2,0.5333333333333333
Emily Ducich,3484.92,670.4435000000001,54,8,0.21428571428571433
Justin Ritter,2201.6859999999997,452.37300000000005,41,5,0.21999999999999997
Muhammed MacIntyre,775.4140000000001,58.8916,32,9,0.14166666666666666
Carlos Daly,2033.968,426.661,35,5,0.044444444444444446
Joel Jenkins,195,34.449200000000005,11,2,0.06666666666666667
Arthur Wiediger,2852.9680000000003,-104.5486,68,7,0.30624999999999997
Cathy Armstrong,1679.724,211.25590000000005,49,5,0.3000000000000001
Victor Preis,993.9019999999999,205.38880000000003,18,3,0.04
Sean Wendt,1019.0439999999998,95.8383,25,3,0.21666666666666665
Frank Preis,4046.7460000000005,406.4473000000001,54,8,0.13571428571428573
Sarah Bern,1348.02,157.6658,24,3,0.18571428571428572
Maureen Gnade,1342.282,-398.79319999999996,23,3,0.2571428571428572
Duane Noonan,2139.7900000000004,540.5405000000001,41,7,0.018181818181818184
Hunter Glantz,3690.284,804.6112999999999,38,7,0.17272727272727273
Allen Armold,1056.39,277.3824,41,9,0.08
Shaun Chance,1874.998,379.56110000000007,44,7,0.27999999999999997
Tracy Poddar,1936.6399999999996,139.22869999999998,48,4,0.24
Katrina Bavinger,908.8209999999999,274.29699999999997,25,3,0.044444444444444446
Valerie Takahito,1736.596,-224.08889999999997,42,2,0.33333333333333337
Maya Herman,2203.7780000000002,238.5614,42,7,0.07272727272727274
Julie Kriz,2932.4840000000004,122.65659999999997,49,10,0.20588235294117652
Michael Paige,3983.6420000000003,638.1563000000002,62,9,0.255
Bill Overfelt,2682.728,278.77700000000004,43,5,0.2333333333333334
Mark Haberlin,400.016,61.428599999999996,25,4,0.07777777777777778
Marina Lichtenstein,2722.843,684.9162,72,9,0.17250000000000001
Ken Black,2744.742,579.3551,102,12,0.10869565217391307
Alyssa Crouse,925.8,-62.1342,17,3,0.32
Sally Matthias,244.494,-26.5927,26,4,0.26666666666666666
Liz Pelletier,756.606,110.7813,39,4,0.1111111111111111
Tony Sayre,2243.274,11.377899999999997,54,6,0.19285714285714287
Paul Stevenson,1278.6390000000001,198.5099,52,8,0.05384615384615384
David Kendrick,797.832,249.9447,20,2,0.12000000000000002
Sylvia Foulston,3336.535,539.9352,66,9,0.27058823529411774
Nick Crebassa,8241.739,1314.758,64,7,0.13666666666666666
Dan Lawera,1503.112,322.2449,51,8,0.15
Sung Chung,280.632,31.1757,13,2,0.2
Erin Ashbrook,2846.7050000000004,-52.740600000000036,87,13,0.3000000000000001
Arianne Irving,4375.785999999999,867.7271,72,10,0.07222222222222222
Anthony Rawles,4523.335999999999,494.8352,54,8,0.07692307692307691
Tamara Manning,2955.2259999999997,573.3013000000002,67,8,0.05263157894736842
Skye Norling,1860.418,-716.8565,67,6,0.1733333333333333
Jim Karlsson,3760.028,750.9485,44,7,0.11666666666666665
Liz MacKendrick,1346.774,-44.878,32,5,0.05714285714285715
Noel Staavos,2964.8229999999994,-234.77139999999994,113,13,0.2153846153846154
Kean Nguyen,2171.962,114.30830000000002,49,5,0.28125
Shui Tom,433.34,84.44190000000002,33,7,0.19999999999999998
Duane Benoit,1155.2019999999998,177.6735,33,7,0.15999999999999998
Fred Hopkins,6987.195999999999,2050.2826,52,8,0.13846153846153847
Denise Leinenbach,585.02,222.6812,32,4,0.05
Kristen Hastings,5990.798999999999,1227.5091,69,7,0.12666666666666665
Justin Deggeller,8828.030499999999,1619.5198999999998,60,8,0.05588235294117648
Todd Sumrall,11891.751,2371.7144,59,6,0.11666666666666668
Greg Maxwell,6049.966000000002,188.7235,44,3,0.05454545454545456
David Philippe,1058.616,-40.93759999999999,20,2,0.15000000000000002
Cari Sayre,1278.954,185.37760000000003,22,5,0.275
Ross Baird,5633.315999999999,-461.7332,92,8,0.25000000000000006
Cathy Hwang,1537.2360000000003,195.15109999999999,13,3,0.15000000000000002
Claire Gute,1148.7800000000002,169.93439999999993,14,3,0.2
Janet Lee,2203.7,54.51740000000003,39,5,0.21999999999999997
Saphhira Shifley,1324.028,332.3487,86,8,0.1142857142857143
"Patrick O'Donnell",2493.2140000000004,437.8533,54,7,0.04615384615384616
Denise Monton,4074.4720000000007,1319.0586,41,8,0.1
Gary McGarr,3582.8199999999997,347.26599999999996,43,7,0.11818181818181818
Alex Avila,5563.56,-362.88250000000005,30,5,0.09090909090909091
Aimee Bixby,966.7099999999998,313.6597,37,5,0.13333333333333333
Paul Prost,7252.608000000002,1495.0853999999997,138,10,0.10882352941176472
Lori Olson,644.35,150.1712,34,5,0.25555555555555554
Allen Rosenblatt,2236.128,-98.76459999999997,29,5,0.09999999999999999
Dean Katz,4802.393999999999,209.89939999999999,70,9,0.19473684210526318
Darrin Martin,6345.103,1677.3930999999998,87,7,0.23000000000000007
Mitch Willingham,5253.876,1665.516,13,2,0.06666666666666667
Julie Prescott,1707.7099999999998,309.7115999999999,47,9,0.15384615384615383
Victoria Brennan,2005.5959999999998,371.23979999999995,37,6,0.16999999999999998
Jessica Myrick,1733.4430000000002,356.53950000000003,46,7,0.09000000000000001
Anna Häberlin,7888.294000000001,1298.0166,102,12,0.21739130434782614
Darrin Van Huff,1119.4830000000002,-427.18399999999997,28,5,0.1722222222222222
Logan Haushalter,1739.6889999999999,316.5202,44,9,0.07894736842105263
Laurel Beltran,4985.676,-52.190999999999924,76,8,0.23750000000000004
Ben Ferrer,5907.972,1538.2127000000003,102,11,0.12222222222222223
Sanjit Chand,14142.333999999999,5757.411899999999,87,9,0.06363636363636363
James Lanier,1571.523,209.2817,29,5,0.21428571428571427
Dionis Lloyd,3539.322,-52.787999999999954,33,8,0.05000000000000001
Frank Hawley,4256.272,1073.2676000000001,65,10,0.12857142857142861
Alex Grayson,660.972,-5.137099999999978,47,5,0.23333333333333334
John Lucas,2725.2560000000003,779.9046,38,6,0.23636363636363641
John Castell,2772.0550000000007,279.5692000000001,64,9,0.121875
Eric Murdock,933.704,102.29599999999999,18,5,0.2333333333333333
Jenna Caffey,1058.1080000000002,502.92440000000005,14,1,0.05
Shirley Schmidt,613.4000000000001,199.93449999999996,36,3,0
Katrina Edelman,1686.7312000000002,397.87989999999996,67,8,0.21466666666666667
Mike Pelletier,5087.92,226.45289999999983,78,9,0.15526315789473683
Maureen Fritzler,937.039,-341.52650000000006,36,5,0.13749999999999998
Speros Goranitis,3124.832000000001,463.269,49,6,0.0923076923076923
Susan Vittorini,1903.491,106.8912,66,8,0.23076923076923078
Carlos Soltero,3036.5469999999996,-126.42230000000004,68,11,0.26363636363636367
Dorris liebe,755.602,175.2388,19,5,0.21666666666666667
Charles Sheldon,844.4580000000001,113.1405,30,5,0.1625
Ralph Kennedy,1460.1920000000002,269.688,29,3,0.07500000000000001
Carol Triggs,3241.898000000001,161.22629999999998,60,8,0.16111111111111112
Liz Willingham,1259.04,192.6312,15,3,0
Daniel Raglin,8350.868,2869.0760000000005,57,8,0.15384615384615383
Patrick Bzostek,740.356,229.2257,54,3,0.12
"Rose O'Brian",3815.478,-1262.5716000000002,48,7,0.2916666666666667
Ann Chong,2537.686,298.82730000000004,59,5,0.1111111111111111
Becky Castell,2933.6759999999995,251.59740000000005,60,9,0.1111111111111111
Steven Ward,758.696,68.24159999999999,27,2,0.1
Tracy Blumstein,4737.486,-1603.0450999999996,85,9,0.265
Chris Selesnick,2754.216,738.3626000000002,97,12,0.05714285714285714
Steve Chapman,2576.408,611.8290999999999,66,10,0.15714285714285717
John Lee,9799.923,228.90700000000007,143,11,0.08823529411764708
Lindsay Williams,3230.308,662.8339,38,6,0.10909090909090909
Janet Molinari,1804.1460000000002,502.61429999999996,52,5,0.13846153846153847
Jill Stevenson,1417.654,-175.54899999999998,35,4,0.3125
Andy Reiter,6608.448,2884.6207999999997,33,6,0.06666666666666668
Linda Southworth,2845.27,-318.7737,51,6,0.3071428571428571
Andrew Roberts,264.86400000000003,43.6695,33,5,0.21428571428571425
Stephanie Ulpright,2595.3640000000005,763.4719,61,7,0.13333333333333336
Roger Barcio,2067.45,243.07549999999998,22,4,0.15714285714285717
Ashley Jarboe,1839.2400000000002,521.1351999999999,40,7,0.04
Pete Armstrong,729.408,225.85879999999997,27,6,0.1857142857142857
Brian Dahlen,3288.471,634.8462999999999,74,7,0.0725
Michelle Lonsdale,742.082,138.71620000000001,18,3,0.25
Joni Wasserman,1244.086,-29.575899999999987,41,7,0.0818181818181818
Paul Lucas,239.48100000000002,-0.7527000000000026,29,5,0.25
Andrew Allen,1790.512,435.82739999999995,36,4,0.016666666666666666
Guy Phonely,236.53,31.8376,21,2,0.13999999999999999
Gary Hansen,2819.4670000000006,-576.8335,65,9,0.2705882352941177
Michelle Arnett,2453.284,280.78219999999993,42,6,0.041666666666666664
Dianna Arnett,156.76,56.79039999999999,27,4,0.125
Scott Cohen,3729.7929999999997,671.0033999999999,63,8,0.19722222222222222
Edward Becker,3236.3139999999994,-80.2859999999999,91,10,0.14500000000000002
Thomas Thornton,1427.044,278.73709999999994,55,8,0.2133333333333334
Brad Thomas,415.19599999999997,126.8694,11,2,0.06666666666666667
Michael Moore,3794.08,82.12500000000003,68,11,0.18125000000000002
Eleni McCrary,2567.01,-133.8275,23,5,0.14285714285714285
Hunter Lopez,12873.297999999999,5622.4292000000005,50,6,0.018181818181818184
Thea Hendricks,2422.824,-135.21249999999998,29,5,0.17142857142857143
Lauren Leatherbury,2741.204,560.0078,50,6,0.016666666666666666
Thomas Boland,3589.296,829.1635,36,4,0.09090909090909091
Hallie Redmond,1299.2879999999998,185.5794,38,5,0.04615384615384616
Steve Nguyen,3127.9592000000007,481.7499000000001,89,7,0.11684210526315789
Brian Thompson,3196.7520000000004,447.74839999999995,88,7,0.06999999999999999
Larry Blacks,50.188,18.6507,12,3,0.26666666666666666
Neoma Murray,2161.9790000000003,788.9525,60,10,0.26000000000000006
Janet Martin,3159.1220000000003,19.823500000000074,91,6,0.28947368421052627
Zuschuss Carroll,8025.707000000001,-1032.149,105,13,0.25483870967741934
Ryan Crowe,885.752,10.563299999999995,44,6,0.17272727272727273
Chuck Clark,2870.0500000000006,424.65829999999994,63,10,0.057894736842105256
Erin Creighton,461.914,96.4256,37,5,0.09999999999999999
Kelly Collister,3908.2619999999997,709.4219,28,4,0.2
Jennifer Ferguson,2371.448,635.6376,69,6,0.07142857142857142
Karen Daniels,8282.358,1107.6952000000003,64,5,0.18750000000000006
Liz Preis,3653.3990000000003,338.44539999999995,52,7,0.18666666666666668
Carl Jackson,16.52,1.652,5,1,0.2
Lindsay Castell,3246.626,299.48019999999997,30,4,0.2857142857142857
Troy Staebel,2820.4240000000004,-294.6981,44,7,0.3727272727272728
Christopher Schild,3651.8585000000007,-342.8033,47,9,0.21428571428571433
Bradley Talbott,2684.492,409.4983,44,5,0.1
Julie Creighton,858.576,201.5952,43,5,0.044444444444444446
Scot Wooten,1085.078,-19.6062,33,7,0.26
Joel Eaton,6760.814999999999,221.7967,90,13,0.14565217391304347
Jim Sink,1131.0639999999999,-54.86920000000001,42,4,0.2090909090909091
Don Miller,1376.792,199.7688,33,3,0.16999999999999998
Anna Chung,657.316,-28.700400000000002,16,5,0.18333333333333332
Chad Cunningham,1770.945,208.59120000000004,46,6,0.2153846153846154
Joy Daniels,385.43,26.760500000000004,39,6,0.309090909090909
Charles Crestani,2471.6500000000005,392.2825,31,7,0.0818181818181818
Lindsay Shagiari,2988.674,262.6366999999999,63,9,0.28181818181818186
Theone Pippenger,4454.056,1129.1261,55,9,0.08750000000000001
Mick Crebagga,2218.98,-64.1668,73,10,0.26842105263157895
Robert Barroso,221.08399999999997,72.67899999999999,29,5,0.14285714285714285
Cindy Stewart,5690.054999999999,-6626.3895,40,6,0.19999999999999998
Jack Garza,2358.676,684.1911,20,3,0.24285714285714285
Roy Phan,2170.716000000001,594.5868,61,8,0.13333333333333333
Trudy Brown,2797.668,379.882,60,9,0.13999999999999999
Nathan Gelder,1395.938,217.08929999999998,41,5,0.1111111111111111
Darren Koutras,1687.04,-107.35379999999998,32,5,0.1625
Marc Harrigan,2394.0249999999996,28.76120000000001,55,6,0.18846153846153849
Dean percer,7198.760999999999,333.3648,99,11,0.1862068965517242
Rob Beeghly,528.546,76.8879,35,5,0.16666666666666666
Tiffany House,1022.2010000000001,92.72899999999998,40,8,0.2076923076923077
Anna Andreadi,5086.935000000001,857.8032999999999,64,6,0.06388888888888888
Carol Adams,3789.7228,1143.3817000000001,29,6,0.11199999999999999
Dennis Kane,3318.4859999999994,377.07990000000007,77,8,0.10869565217391304
John Grady,1507.0180000000003,206.10189999999997,46,6,0.06666666666666668
Valerie Mitchum,2454.866,513.5269,37,7,0.09999999999999999
Bruce Geld,1006.356,119.34790000000001,22,6,0.14285714285714285
Herbert Flentye,2533.164,-13.876800000000003,70,7,0.13157894736842105
Craig Carreira,2269.7015000000006,187.8399,47,7,0.16785714285714287
George Zrebassa,2454.6220000000003,828.661,25,4,0.04
Christina VanderZanden,2830.6279999999997,493.08609999999993,54,5,0.07692307692307693
Brendan Sweed,2454.9280000000003,381.7807,41,6,0.3
Joe Elijah,8697.843,1262.2925999999998,97,10,0.3227272727272727
Harry Greene,785.628,147.00320000000002,31,5,0.19
Sheri Gordon,1884.7980000000002,-119.01049999999996,62,8,0.15
Erica Bern,1643.255,162.87810000000002,18,4,0.2833333333333333
Tamara Willingham,5278.825999999999,737.3905000000002,57,7,0.09999999999999999
John Huston,528.9100000000001,26.0822,29,6,0.15
Mike Caudle,1581.9979999999998,121.7565,34,5,0.05454545454545456
Cari Schnelling,537.6320000000001,105.8275,16,6,0.2285714285714286
Mary Zewe,2564.906,787.7503,39,6,0.28
James Galang,6366.391999999999,1415.6664,70,11,0.1111111111111111
Frank Olsen,2678.438,215.5969,60,10,0.22000000000000006
Anthony Witt,649.376,65.77250000000001,24,4,0.19999999999999998
Tamara Dahlen,1434.5480000000002,88.1897,67,9,0.24375000000000008
Sanjit Engle,12209.438000000002,2650.6768999999995,78,11,0.1105263157894737
Thais Sissman,4.833,-3.3156,4,2,0.7
"Jack O'Briant",3254.9490000000005,581.4045,59,9,0.07307692307692307
Lisa DeCherney,1961.934,557.1714,25,4,0.028571428571428574
Nathan Mautz,6459.343999999999,2751.684899999999,44,7,0.042857142857142864
Ivan Gibson,744.574,320.4982,19,4,0.028571428571428574
Dianna Wilson,5271.628,1348.7556000000004,38,5,0.03636363636363637
Harry Marie,8236.7648,2437.9836,76,10,0.231
Ruben Ausman,3832.3139999999994,1292.8655999999999,53,7,0.04000000000000001
Greg Matthias,3163.628,35.48650000000001,31,6,0.14545454545454548
Erin Smith,4657.924,246.6661,77,9,0.26000000000000006
Brosina Hoffman,6255.351000000001,802.7897999999999,97,8,0.18333333333333332
Jeremy Ellison,1388.682,276.2197,49,6,0.1846153846153846
Jonathan Howell,959.4770000000002,-13.554499999999988,35,7,0.14444444444444443
Tanja Norvell,3130.221,-692.0452000000001,48,7,0.19999999999999998
Joni Sundaresam,469.169,-327.9336,37,5,0.3375
MaryBeth Skach,475.65599999999995,84.02680000000001,21,4,0.15714285714285717
Angele Hood,738.504,83.963,17,4,0.12000000000000002
Giulietta Dortch,1888.0700000000002,230.93729999999996,25,4,0.13333333333333333
Roger Demir,1419.7370000000003,207.3303999999999,78,10,0.15749999999999997
Katharine Harms,3312.864,454.7871,70,8,0.1388888888888889
Alyssa Tate,1171.8139999999999,100.87680000000002,28,6,0.2
Matt Hagelstein,1252.8,122.3612,19,4,0.23333333333333336
Scot Coram,4371.9580000000005,440.14099999999996,49,4,0.10909090909090909
Henia Zydlo,886.5199999999999,-130.3879,21,5,0.19999999999999998
Henry MacAllister,736.276,117.2755,29,4,0.17142857142857143
Tony Molinari,1094.6779999999999,292.52099999999996,12,3,0.05
Paul Van Hugh,2876.0460000000003,434.52840000000003,52,5,0.0846153846153846
Melanie Seite,370.348,19.4312,14,4,0.18000000000000002
Craig Molinari,3984.4524,176.31079999999997,57,4,0.30923076923076925
Lena Radford,5142.891999999999,535.4763999999999,64,6,0.17500000000000004
Doug Bickford,1989.05,438.8012,41,7,0.14545454545454545
Vivek Sundaresam,1055.9809999999998,-262.8093,38,4,0.4750000000000001
Patrick Jones,1220.0900000000001,442.13550000000004,46,8,0.07692307692307693
Bobby Trafton,603.876,-77.52560000000001,16,4,0.1571428571428571
Ben Wallace,1738.4060000000002,246.9973,49,6,0.15
Maurice Satty,1613.402,247.4348,48,6,0.22000000000000003
Barry Weirich,385.516,-58.28659999999999,8,3,0.13333333333333333
Corinna Mitchell,6339.5576,1572.4585000000002,42,6,0.072
Matt Collins,1303.893,210.74930000000003,40,8,0.29090909090909095
Russell Applegate,4793.543000000001,304.86730000000006,75,9,0.27954545454545454
Tamara Chand,19052.217999999997,8981.323900000001,42,5,0.11666666666666665
Bill Donatelli,5718.521000000001,1094.5037,75,12,0.07894736842105261
Matt Abelman,4299.160999999999,1240.2266000000004,117,11,0.09411764705882353
John Murray,7625.076000000002,1574.6164000000003,50,7,0.1846153846153846
Maribeth Schnelling,7443.6900000000005,844.9355,105,10,0.16041666666666668
Roy Collins,966.4089999999999,63.9914,29,6,0.11000000000000001
Susan MacKendrick,1043.0410000000002,-237.2885,20,1,0.2833333333333333
Anne McFarland,5664.022,1085.7326000000003,81,8,0.06363636363636363
Frank Carlisle,3418.742,1217.1662000000001,50,7,0.1357142857142857
Cassandra Brandow,6076.138999999999,150.2089,122,10,0.1634615384615385
Jamie Frazer,2279.5860000000002,575.1259,72,7,0.12105263157894738
Annie Thurman,3831.8640000000005,974.107,60,10,0.0875
Pauline Chand,1061.488,-184.3364,18,2,0.13333333333333333
Elpida Rittenbach,1245.788,-295.7398,27,3,0.2
Rob Lucas,6234.909999999999,488.1484,101,8,0.21875000000000003
Charlotte Melton,1475.1440000000002,91.2033,21,6,0.07142857142857142
Anthony Garverick,170.58399999999997,-8.431000000000001,20,4,0.45999999999999996
Giulietta Weimer,2189.0190000000007,-268.54229999999995,43,7,0.15555555555555556
Roy Skaria,22.328,9.5838,10,2,0.06666666666666667
Michael Chen,3805.714000000001,698.4173999999999,45,7,0.1
Joseph Holt,7954.998,-644.6981999999998,64,6,0.08571428571428573
Craig Carroll,2854.1150000000007,850.1591,51,4,0.25
Christine Kargatis,2945.321,261.22090000000003,46,5,0.18333333333333335
Alan Schoenberger,4260.784000000001,719.7751000000001,41,5,0.06153846153846154
Michelle Huthwaite,2984.9480000000003,476.9032,31,5,0.13
Ann Steele,833.398,136.49190000000002,34,7,0.18333333333333332
Helen Wasserman,9300.253999999997,2164.1611000000003,85,8,0.045
"Mary O'Rourke",922.487,59.357699999999994,15,4,0.22000000000000003
Karen Ferguson,10604.266,1660.1386000000002,67,7,0.03333333333333334
Suzanne McNair,5563.392,581.5742,94,12,0.1272727272727273
Brian Derr,582.646,141.53400000000002,19,3,0.1
Brenda Bowman,6765.727999999999,1015.0749999999999,83,9,0.19499999999999998
Valerie Dominguez,6442.254000000001,1617.7874000000002,71,6,0.075
Vivek Grady,427.372,-52.333,16,5,0.10000000000000002
Pamela Stobb,2181.479,-134.44099999999997,75,6,0.22380952380952382
David Wiener,1080.751,-86.8738,39,6,0.24444444444444446
Ross DeVincentis,1137.6159999999998,318.4625,63,8,0.18750000000000006
Dave Brooks,4531.646000000002,473.02719999999994,48,7,0.18461538461538468
Larry Tron,329.876,59.036,8,3,0.13333333333333333
Magdelene Morse,1314.0230000000001,178.40200000000002,17,4,0.13333333333333333
Susan Gilcrest,47.946,-3.707300000000002,17,3,0.4
Fred Chung,3889.3659999999995,714.2926,37,7,0.15999999999999998
Andy Gerbode,1455.0379999999998,-152.7613,33,4,0.15555555555555556
Georgia Rosenberg,1284.38,359.83320000000003,23,2,0
Roy Französisch,945.222,280.02610000000004,45,8,0.0818181818181818
Robert Marley,5979.0960000000005,1902.5438000000001,39,5,0.045454545454545456
Michael Kennedy,2302.3680000000004,-405.35590000000013,73,8,0.30000000000000004
George Bell,1568.44,7.83710000000001,62,11,0.17
Laurel Elliston,1469.4500000000003,161.76489999999998,32,6,0.2555555555555556
Grace Kelly,6497.27,1448.5525,66,9,0.1571428571428571
Erica Hernandez,1219.5299999999997,-94.14079999999996,50,7,0.17272727272727273
Aleksandra Gannaway,367.548,59.288399999999996,16,4,0.08
Paul MacIntyre,1405.402,157.8768,16,3,0.15
Rick Duston,4272.93,480.594,60,8,0.10666666666666666
Jeremy Lonsdale,3173.874,591.7163,56,6,0.07058823529411765
Naresj Patel,5529.62,1208.889,77,6,0.05714285714285714
Chad McGuire,1661.6100000000001,409.0679,35,4,0.028571428571428574
Darrin Sayre,1762.2130000000002,193.33189999999996,54,4,0.13947368421052633
Phillina Ober,1056.8580000000002,-49.70089999999998,32,5,0.19
Sara Luxemburg,3053.012000000001,527.9715000000001,30,7,0.17777777777777776
Mike Vittorini,1734.5739999999998,273.85819999999995,37,7,0.08636363636363638
Victoria Pisteka,3360.526,-1018.7767999999999,65,7,0.17142857142857143
Ryan Akin,1686.9225000000004,-445.695,27,5,0.31666666666666665
David Flashing,2390.534,-259.3097,23,3,0.2833333333333334
Lycoris Saunders,368.88,39.1952,16,3,0.11666666666666665
Yana Sorensen,6720.443999999999,1778.2923,58,8,0.05000000000000001
Dana Kaydos,4282.175999999999,937.6495999999999,65,5,0.08
Christy Brittain,1949.2,272.38830000000013,44,8,0.3333333333333334
Stewart Carmichael,4492.656999999999,-671.1874,75,7,0.30476190476190484
Beth Thompson,2567.656,417.5918,33,5,0.044444444444444446
Jasper Cacioppo,71.26299999999999,-0.35560000000000036,12,4,0.22499999999999998
Larry Hughes,287.426,12.6277,12,3,0.3666666666666667
Luke Weiss,5420.513999999999,837.2411000000001,59,7,0.16666666666666666
Kelly Lampkin,5016.488000000001,-182.78130000000004,84,8,0.29545454545454547
Khloe Miller,453.538,91.1391,30,5,0.044444444444444446
Laurel Workman,2238.0609999999997,32.57670000000003,50,5,0.2066666666666667
Parhena Norris,1467.152,192.0396,47,8,0.12307692307692307
Tonja Turnell,5364.808000000001,1124.4999,48,7,0.1285714285714286
Julia Dunbar,695.4420000000001,111.11410000000001,17,3,0.049999999999999996
Lela Donovan,5.304,0.4641,3,1,0.2
Brendan Dodson,320.53999999999996,116.714,11,2,0
Luke Foster,3930.509,-3583.9770000000003,69,7,0.31875
Mathew Reese,639.178,162.9363,29,4,0.20000000000000004
Corey-Lock,1300.076,205.62820000000002,30,5,0.175
Rob Dowd,2912.8940000000002,734.5157999999999,73,10,0.03157894736842106
Theresa Coyne,1038.26,265.5332,17,1,0
Phillip Flathmann,2206.1279999999997,591.3118,32,5,0.06000000000000001
Craig Leslie,2353.586,229.00990000000002,34,5,0.1875
Debra Catini,1174.618,132.06820000000002,37,5,0.07857142857142858
Liz Carlisle,2095.064,86.77799999999999,43,5,0.2722222222222222
Eric Barreto,944.6000000000001,0.6042000000000058,24,5,0.17142857142857143
Tom Prescott,5329.0048,-1087.3898,39,5,0.462
Emily Burns,2767.219,261.53149999999994,41,10,0.29090909090909095
Kimberly Carter,1146.0500000000002,156.7797,40,4,0.08571428571428573
Denny Blanton,1711.692,438.90920000000006,62,4,0.028571428571428574
Nicole Hansen,2673.2899999999995,760.1666,52,7,0.05454545454545456
Bruce Stewart,2562.3820000000005,-113.29840000000007,45,7,0.13214285714285715
Mick Brown,1428.231,117.8057,39,7,0.19999999999999998
Toby Carlisle,4266.812,606.3726999999999,63,8,0.13124999999999998
Todd Boyes,834.328,268.967,44,5,0.06153846153846154
Susan Pistek,3990.6890000000003,14.692400000000008,57,6,0.27142857142857146
Dave Kipp,2650.557,536.3935,33,7,0.13846153846153844
Roland Murray,98.35,28.6879,4,1,0
Alan Shonely,584.6080000000001,33.715799999999994,39,7,0.2692307692307693
Lena Creighton,7663.125999999999,1288.3469,93,12,0.1565217391304348
Katrina Willman,4416.52,1756.135,42,5,0.11000000000000001
Philip Fox,2770,196.87389999999996,34,6,0.05
Noah Childs,1821.7420000000002,-359.02099999999996,29,5,0.2444444444444444
"Meg O'Connel",1687.027,169.3437,49,8,0.16363636363636364
Michael Stewart,855.1160000000001,55.226000000000006,49,6,0.17272727272727273
Craig Reiter,1600.55,306.9176,18,4,0.26666666666666666
Sean Miller,25043.05,-1980.7392999999997,50,5,0.24666666666666667
Max Jones,6320.746,1054.5529,50,7,0.21333333333333337
Barry Gonzalez,2798.948,-711.4274000000001,35,8,0.19166666666666668
Mick Hernandez,5503.092999999999,170.9746,79,9,0.16818181818181818
Natalie DeCherney,4326.139,353.6454999999999,63,9,0.21111111111111114
Odella Nelson,1567.52,-5.88900000000001,58,9,0.16
Bill Eplett,4204.6759999999995,1487.7739000000001,35,5,0.022222222222222223
Michelle Tran,1319.4497999999999,-23.676299999999998,44,4,0.2427272727272727
Nick Zandusky,2488.31,402.4236,77,9,0.17500000000000004
Maria Bertelson,1548.7019999999998,212.42500000000004,63,10,0.17368421052631583
Pete Kriz,8646.933999999997,2038.2676000000001,107,12,0.07599999999999998
Benjamin Farhat,1585.162,523.2133,48,4,0.05
Katherine Murray,5620.186,973.7901999999999,69,8,0.14
Juliana Krohn,3747.6680000000006,586.6625000000001,43,3,0.19999999999999998
