Order_Year,Order_Month,Total_Sales,Total_Profit,Total_Quantity,Total_Orders,Month_Date
2014,8,27909.46849999999,5318.105,609,72,2014-08-01
2016,7,39261.96299999997,4432.8778999999995,758,96,2016-07-01
2016,3,51715.87500000002,3611.9679999999994,579,86,2016-03-01
2016,1,18542.490999999995,2824.8233000000005,358,48,2016-01-01
2015,1,18174.075599999993,-3281.007,236,29,2015-01-01
2017,7,45264.416000000005,6952.6212,840,111,2017-07-01
2014,11,78628.71669999999,9292.126899999994,1219,151,2014-11-01
2014,2,4519.892,862.3083999999997,159,28,2014-02-01
2016,6,40344.533999999985,4750.378100000002,742,97,2016-06-01
2015,9,64595.918000000034,8209.1627,1086,140,2015-09-01
2014,3,55691.00900000003,498.72989999999993,585,71,2014-03-01
2017,6,52981.725699999995,8223.335699999996,931,133,2017-06-01
2015,7,28765.324999999993,3288.6483000000003,557,66,2015-07-01
2015,8,36898.33219999999,5355.8084,598,68,2015-08-01
2016,5,56987.72799999999,8662.146400000001,863,108,2016-05-01
2017,11,118447.82500000003,9690.103699999996,1840,261,2017-11-01
2014,12,69545.62049999999,8983.569899999999,1079,141,2014-12-01
2017,9,87866.65200000005,10991.555600000005,1660,226,2017-09-01
2015,12,74919.52120000008,8016.965899999998,1203,161,2015-12-01
2017,10,77776.92319999998,9275.2755,1133,147,2017-10-01
2016,4,38750.038999999975,2977.8149000000008,635,89,2016-04-01
2016,12,96999.04300000002,17885.309300000004,1414,176,2016-12-01
2016,10,59687.74500000001,16243.142500000005,767,105,2016-10-01
2016,11,79411.96579999999,4011.407500000003,1406,183,2016-11-01
2015,5,30131.686499999996,4667.868999999999,575,74,2015-05-01
2014,6,34595.12760000003,4976.524399999998,521,66,2014-06-01
2017,8,63120.88799999998,9040.955699999999,884,111,2017-08-01
2017,12,83829.3188,8483.346799999994,1723,224,2017-12-01
2017,1,43971.373999999996,7140.439099999999,597,69,2017-01-01
2014,7,33946.393,-841.4826000000007,550,65,2014-07-01
2014,5,23648.287,2738.7095999999997,466,69,2014-05-01
2015,3,38726.25199999999,9732.097800000001,515,79,2015-03-01
2017,4,36521.536100000005,933.2899999999988,733,116,2017-04-01
2015,4,34195.20849999999,4187.496199999998,543,72,2015-04-01
2014,4,28295.344999999994,3488.8352000000004,536,66,2014-04-01
2015,6,24797.292,3335.5572,486,68,2015-06-01
2014,1,14236.894999999997,2450.1907,284,32,2014-01-01
2017,5,44261.110199999996,6342.582799999997,887,118,2017-05-01
2014,10,31453.39299999999,3448.257299999999,573,78,2014-10-01
2015,11,75972.56350000005,12474.788400000009,1310,158,2015-11-01
2016,2,22978.815000000002,5004.5795,306,45,2016-02-01
2014,9,81777.35079999997,8328.099400000003,1000,130,2014-09-01
2017,2,20301.133399999995,1613.8719999999996,363,53,2017-02-01
2017,3,58872.352799999986,14751.891500000002,885,118,2017-03-01
2015,10,31404.92350000001,2817.3659999999995,631,87,2015-10-01
2016,9,73410.02489999997,9328.657599999997,1316,192,2016-09-01
2015,2,11951.411,2813.8508000000006,239,36,2015-02-01
2016,8,31115.3743,2062.069299999999,693,90,2016-08-01
